<?xml version="1.0" encoding="UTF-8"?>
<addon id="plugin.video.m24_ru" name="M24.ru" version="1.0.1" provider-name="Arruzk Dev">
    <requires>
        <import addon="xbmc.python" version="2.1.0"/>
		<import addon="script.module.beautifulsoup" version="3.2.0" />
    </requires>
    <extension point="xbmc.python.pluginsource" library="default.py">
        <provides>video</provides>
    </extension>
    <extension point="xbmc.addon.metadata">
        <platform>all</platform>
        <summary lang="ru">M24 канал</summary>
        <summary lang="en">M24 channel</summary>
        <language>ru</language>
        <description lang="ru">M24 канал</description>
        <description lang="en">M24 channel</description>
        <disclaimer lang="en">Some parts of this addon may not be legal in your country of residence - please check with your local laws before installing.</disclaimer>
    <platform>all</platform>
    </extension>
</addon>
